date,skill,model,input_tokens,output_tokens,cache_read,cache_creation
2026-06-12,heartbeat,claude-fable-5,2096,5081,336783,53323
2026-06-19,autoresearch,claude-opus-4-8,1953,1150,40982,10651
2026-06-19,heartbeat,claude-opus-4-8,2386,13691,1054498,37436
2026-06-19,strategy-builder,claude-opus-4-8,2227,6639,284610,51488
2026-06-19,soul-builder,claude-opus-4-8,5949,16883,1113980,62111
2026-06-19,heartbeat,claude-opus-4-8,19788,5447,313299,38136
2026-06-19,heartbeat,claude-opus-4-8,19786,4293,260945,37523
2026-06-20,heartbeat,claude-opus-4-8,2092,4167,279917,38253
2026-06-20,heartbeat,claude-opus-4-8,2096,4282,386467,39067
2026-06-20,heartbeat,claude-opus-4-8,2105,5880,454810,40847
2026-06-21,heartbeat,claude-opus-4-8,2103,5261,398208,41230
2026-06-21,heartbeat,claude-opus-4-8,2096,4258,291257,23702
2026-06-21,heartbeat,claude-opus-4-8,2096,4103,383789,38307
2026-06-22,heartbeat,claude-opus-4-8,2102,6319,404932,24511
2026-06-23,heartbeat,claude-opus-4-8,2094,4931,342998,40731
2026-06-23,heartbeat,claude-opus-4-8,2096,4636,385918,39008
2026-06-23,heartbeat,claude-opus-4-8,2102,7959,404388,25041
2026-06-24,heartbeat,claude-opus-4-8,2098,4637,431670,37986
2026-06-24,heartbeat,claude-opus-4-8,2094,5435,336746,40207
2026-06-24,heartbeat,claude-opus-4-8,2100,6916,507937,41217
2026-06-25,heartbeat,claude-opus-4-8,2100,4541,480118,39558
2026-06-25,heartbeat,claude-opus-4-8,2092,4419,280561,38163
2026-06-25,heartbeat,claude-opus-4-8,19790,4488,343813,37285
2026-06-26,heartbeat,claude-opus-4-8,2098,5492,448047,40884
2026-06-26,heartbeat,claude-opus-4-8,2098,4839,364066,28248
2026-06-26,heartbeat,claude-opus-4-8,2100,4988,489220,41425
2026-06-27,heartbeat,claude-opus-4-8,2098,5054,447103,40414
2026-06-27,heartbeat,claude-opus-4-8,2098,4825,321041,43725
2026-06-27,heartbeat,claude-opus-4-8,2094,4640,331808,38978
2026-06-28,heartbeat,claude-opus-4-8,2098,4712,445288,40061
2026-06-28,heartbeat,claude-opus-4-8,2098,4933,328288,44014
2026-06-28,heartbeat,claude-opus-4-8,2096,4717,394717,40827
2026-06-29,heartbeat,claude-opus-4-8,2103,4760,359573,57457
2026-06-29,heartbeat,claude-opus-4-8,2098,4597,436726,38542
2026-06-30,heartbeat,claude-opus-4-8,2098,4128,439306,38927
2026-06-30,heartbeat,claude-opus-4-8,2096,4673,382878,37669
2026-06-30,heartbeat,claude-opus-4-8,2094,4755,330969,38905
2026-07-01,heartbeat,claude-opus-4-8,2098,4382,415089,38745
2026-07-01,heartbeat,claude-opus-4-8,2094,4246,312709,38064
2026-07-01,heartbeat,claude-opus-4-8,2100,5710,483308,59015
2026-07-02,heartbeat,claude-opus-4-8,2096,5028,310812,27157
2026-07-02,heartbeat,claude-opus-4-8,2100,4706,486425,38590
2026-07-02,heartbeat,claude-opus-4-8,2096,3839,375812,36422
2026-07-03,heartbeat,claude-opus-4-8,2098,4819,419209,57622
2026-07-03,heartbeat,claude-opus-4-8,2096,3898,366157,55367
2026-07-03,heartbeat,claude-opus-4-8,2098,5588,431719,57909
2026-07-04,heartbeat,claude-opus-4-8,2320,4498,499487,40003
2026-07-04,heartbeat,claude-opus-4-8,2318,5412,447500,40726
2026-07-04,heartbeat,claude-opus-4-8,2098,5376,443865,39910
2026-07-05,heartbeat,claude-opus-4-8,2096,3935,368193,39212
2026-07-09,heartbeat,claude-opus-4-8,2380,11459,925475,33378
2026-07-09,heartbeat,claude-opus-4-8,2094,5866,315824,39330
2026-07-10,heartbeat,claude-opus-4-8,2094,4946,329866,38426
2026-07-10,heartbeat,claude-opus-4-8,2314,4668,332837,39415
2026-07-10,heartbeat,claude-opus-4-8,2092,4198,244586,56236
2026-07-11,heartbeat,claude-opus-4-8,2096,4221,389660,40065
2026-07-11,heartbeat,claude-opus-4-8,2114,4290,382844,38493
2026-07-11,heartbeat,claude-opus-4-8,2098,4657,438585,39436
2026-07-12,heartbeat,claude-opus-4-8,2116,4587,452558,41065
2026-07-12,heartbeat,claude-opus-4-8,2098,4831,434470,38795
2026-07-12,heartbeat,claude-opus-4-8,2344,5023,657372,40134
2026-07-13,heartbeat,claude-opus-4-8,2098,4652,449976,40426
2026-07-13,heartbeat,claude-opus-4-8,2096,5787,283158,43630
2026-07-13,heartbeat,claude-opus-4-8,2092,5100,282703,40579
2026-07-14,heartbeat,claude-opus-4-8,2098,5053,355943,27777
2026-07-14,heartbeat,claude-opus-4-8,2096,3694,362351,37819
2026-07-14,heartbeat,claude-opus-4-8,2096,4109,289068,43970
2026-07-15,heartbeat,claude-opus-4-8,2104,4225,612311,40286
2026-07-15,heartbeat,claude-opus-4-8,2100,3934,489092,38083
2026-07-15,heartbeat,claude-opus-4-8,2100,6303,386744,27384
2026-07-16,heartbeat,claude-opus-4-8,2094,4022,323103,39709
2026-07-16,heartbeat,claude-opus-4-8,2096,4175,383121,38403
2026-07-16,heartbeat,claude-opus-4-8,2096,5637,303313,27742
2026-07-17,heartbeat,claude-opus-4-8,2316,4219,391459,40005
2026-07-17,heartbeat,claude-opus-4-8,2096,4564,371108,39051
2026-07-17,heartbeat,claude-opus-4-8,2096,5441,391670,39506
2026-07-18,heartbeat,claude-opus-4-8,2102,4804,562525,40458
2026-07-18,heartbeat,claude-opus-4-8,2094,4468,315759,38581
2026-07-18,heartbeat,claude-opus-4-8,2100,4421,478174,57105
